MAXM86161reg0x0D,MAXM86161reg0x10,MAXM86161reg0x11,MAXM86161reg0x12,MAXM86161reg0x13,MAXM86161reg0x14,MAXM86161reg0x15,MAXM86161reg0x16,MAXM86161reg0x20,MAXM86161reg0x21,MAXM86161reg0x22,MAXM86161reg0x23,MAXM86161reg0x24,MAXM86161reg0x25,MAXM86161reg0x26,MAXM86161reg0x27,MAXM86161reg0x28,MAXM86161reg0x29,
MAXM86161reg0x2A,MAXM86161reg0x2B,MAXM86161reg0xFE,MAXM86161reg0xFF,KX122reg0x18,KX122reg0x1B,0,0,0,0,RTCpreScale,WallClock_B3,WallClock_B2,WallClock_B1,WallClock_B0,UseAcc,WallClock_B5,WallClock_B4,
0x02,0x00,0x2b,0x68,0xc0,0x00,0x00,0x40,0x32,0x09,0x00,0x00,0x0a,0x0a,0x00,0x00,0x00,0x00,
0x3f,0x00,0x0a,0x36,0x10,0x04,0x00,0x00,0x00,0x00,0x1f,0xc5,0x65,0xba,0x4c,0x01,0x01,0x73,
start time,1596744645196
expected tags,1,2,3,
timestamp,sampleNum,tagLEDC1,tagLEDC2,tagLEDC3,LEDC1,LEDC2,LEDC3,ACCX,ACCY,ACCZ,temperature,RTC,sensor,regAddr,val,I2Caddr,
1596744645411.521200,1,0,0,0,57677.000000,58054.000000,1083.000000,46.000000,-87.000000,-1001.000000,,,,,,,
1596744645427.042700,2,0,0,0,77660.000000,90653.000000,1095.000000,93.000000,-60.000000,-1088.000000,,,,,,,
1596744645442.564000,3,0,0,0,77759.000000,95503.000000,1078.000000,121.000000,-22.000000,-1101.000000,,,,,,,
1596744645458.085200,4,0,0,0,77702.000000,95672.000000,1094.000000,116.000000,28.000000,-1069.000000,,,,,,,
1596744645473.606400,5,0,0,0,77782.000000,95623.000000,1085.000000,107.000000,107.000000,-1037.000000,,,,,,,
1596744645489.127900,6,0,0,0,77743.000000,95626.000000,1087.000000,144.000000,-38.000000,-1151.000000,,,,,,,
1596744645504.649200,7,0,0,0,77755.000000,95622.000000,1088.000000,70.000000,-93.000000,-1071.000000,,,,,,,
1596744645520.170400,8,0,0,0,77769.000000,95623.000000,1088.000000,102.000000,112.000000,-1012.000000,,,,,,,
1596744645535.691700,9,0,0,0,77746.000000,95670.000000,1089.000000,89.000000,45.000000,-1010.000000,,,,,,,
1596744645551.213100,10,0,0,0,77844.000000,95762.000000,1093.000000,93.000000,14.000000,-1034.000000,,,,,,,
1596744645566.734400,11,0,0,0,77909.000000,95660.000000,1086.000000,203.000000,99.000000,-1158.000000,,,,,,,
1596744645582.255600,12,0,0,0,77802.000000,95737.000000,1112.000000,31.000000,4.000000,-939.000000,,,,,,,
1596744645597.776900,13,0,0,0,77812.000000,95636.000000,1092.000000,51.000000,75.000000,-947.000000,,,,,,,
1596744645613.298300,14,0,0,0,77851.000000,95715.000000,1088.000000,-26.000000,-7.000000,-902.000000,,,,,,,
1596744645628.819600,15,0,0,0,77869.000000,95780.000000,1093.000000,106.000000,-12.000000,-1080.000000,,,,,,,
1596744645644.340800,16,0,0,0,77891.000000,95771.000000,1096.000000,18.000000,22.000000,-944.000000,,,,,,,
1596744645659.862100,17,0,0,0,77849.000000,95820.000000,1094.000000,105.000000,73.000000,-1051.000000,,,,,,,
1596744645675.383500,18,0,0,0,77864.000000,95966.000000,1104.000000,129.000000,3.000000,-1115.000000,,,,,,,
1596744645690.904800,19,0,0,0,78001.000000,95777.000000,1090.000000,94.000000,79.000000,-1033.000000,,,,,,,
1596744645706.426000,20,0,0,0,77886.000000,95918.000000,1114.000000,7.000000,82.000000,-898.000000,,,,,,,
1596744645721.947300,21,0,0,0,77926.000000,95904.000000,1103.000000,138.000000,89.000000,-1074.000000,,,,,,,
1596744645737.468700,22,0,0,0,77952.000000,95967.000000,1099.000000,134.000000,-23.000000,-1158.000000,,,,,,,
1596744645752.990000,23,0,0,0,77945.000000,95924.000000,1108.000000,165.000000,-39.000000,-1169.000000,,,,,,,
1596744645768.511200,24,0,0,0,77970.000000,95914.000000,1102.000000,225.000000,34.000000,-1267.000000,,,,,,,
1596744645784.032700,25,0,0,0,77935.000000,95945.000000,1105.000000,161.000000,-49.000000,-1171.000000,,,,,,,
1596744645799.554000,26,0,0,0,77988.000000,95903.000000,1103.000000,45.000000,-46.000000,-950.000000,,,,,,,
1596744645815.075200,27,0,0,0,78020.000000,96000.000000,1102.000000,27.000000,-3.000000,-914.000000,,,,,,,
1596744645830.596400,28,0,0,0,77977.000000,96063.000000,1106.000000,86.000000,64.000000,-1008.000000,,,,,,,
1596744645846.117900,29,0,0,0,78078.000000,95940.000000,1102.000000,46.000000,56.000000,-918.000000,,,,,,,
1596744645861.639200,30,0,0,0,77990.000000,96015.000000,1111.000000,94.000000,-37.000000,-1052.000000,,,,,,,
1596744645877.160400,31,0,0,0,78049.000000,96033.000000,1098.000000,177.000000,66.000000,-1144.000000,,,,,,,
1596744645892.681600,32,0,0,0,78050.000000,96056.000000,1108.000000,33.000000,19.000000,-951.000000,,,,,,,
1596744645908.203100,33,0,0,0,78086.000000,96061.000000,1106.000000,85.000000,-117.000000,-1058.000000,,,,,,,
1596744645923.724400,34,0,0,0,77973.000000,95973.000000,1100.000000,95.000000,-76.000000,-1069.000000,,,,,,,
1596744645939.245600,35,0,0,0,77921.000000,95941.000000,1101.000000,121.000000,166.000000,-1022.000000,,,,,,,
1596744645954.766800,36,0,0,0,77851.000000,95990.000000,1109.000000,75.000000,120.000000,-983.000000,,,,,,,
1596744645970.288300,37,0,0,0,77811.000000,95823.000000,1079.000000,79.000000,13.000000,-1008.000000,,,,,,,
1596744645985.809600,38,0,0,0,77722.000000,95780.000000,1097.000000,62.000000,130.000000,-983.000000,,,,,,,
1596744646001.330800,39,0,0,0,77714.000000,95615.000000,1094.000000,215.000000,85.000000,-1213.000000,,,,,,,
1596744646016.852100,40,0,0,0,77660.000000,95597.000000,1092.000000,154.000000,100.000000,-1119.000000,,,,,,,
1596744646032.373500,41,0,0,0,77663.000000,95513.000000,1086.000000,23.000000,-64.000000,-947.000000,,,,,,,
1596744646047.894800,42,0,0,0,77563.000000,95531.000000,1095.000000,151.000000,55.000000,-1119.000000,,,,,,,
1596744646063.416000,43,0,0,0,77588.000000,95381.000000,1083.000000,20.000000,47.000000,-932.000000,,,,,,,
1596744646078.937300,44,0,0,0,77542.000000,95398.000000,1094.000000,141.000000,163.000000,-1061.000000,,,,,,,
1596744646094.458700,45,0,0,0,77534.000000,95434.000000,1099.000000,104.000000,-10.000000,-1040.000000,,,,,,,
1596744646109.980000,46,0,0,0,77647.000000,95349.000000,1084.000000,94.000000,-90.000000,-1066.000000,,,,,,,
1596744646125.501200,47,0,0,0,77594.000000,95446.000000,1094.000000,63.000000,47.000000,-968.000000,,,,,,,
1596744646141.022700,48,0,0,0,77615.000000,95452.000000,1089.000000,124.000000,97.000000,-1064.000000,,,,,,,
1596744646156.543900,49,0,0,0,77645.000000,95488.000000,1096.000000,10.000000,34.000000,-888.000000,,,,,,,
1596744646172.065200,50,0,0,0,77665.000000,95542.000000,1092.000000,172.000000,3.000000,-1179.000000,,,,,,,
1596744646187.586400,51,0,0,0,77738.000000,95484.000000,1088.000000,15.000000,-6.000000,-928.000000,,,,,,,
1596744646203.107900,52,0,0,0,77693.000000,95497.000000,1092.000000,49.000000,171.000000,-926.000000,,,,,,,
1596744646218.629200,53,0,0,0,77641.000000,95568.000000,1092.000000,179.000000,152.000000,-1117.000000,,,,,,,
1596744646234.150400,54,0,0,0,77725.000000,95601.000000,1098.000000,187.000000,149.000000,-1141.000000,0.000000,860,,,,,
1596744646249.789600,55,0,0,0,77690.000000,95623.000000,1097.000000,22.000000,-32.000000,-972.000000,,,,,,,
1596744646265.428700,56,0,0,0,77717.000000,95556.000000,1099.000000,33.000000,55.000000,-969.000000,,,,,,,
1596744646281.067900,57,0,0,0,77707.000000,95581.000000,1099.000000,48.000000,-49.000000,-933.000000,,,,,,,
1596744646296.707000,58,0,0,0,77713.000000,95557.000000,1095.000000,129.000000,35.000000,-1061.000000,,,,,,,
1596744646312.346200,59,0,0,0,77665.000000,95602.000000,1105.000000,116.000000,50.000000,-1065.000000,,,,,,,
1596744646327.985600,60,0,0,0,77727.000000,95551.000000,1096.000000,54.000000,-4.000000,-1024.000000,,,,,,,
1596744646343.624800,61,0,0,0,77831.000000,95562.000000,1096.000000,180.000000,49.000000,-1179.000000,,,,,,,
1596744646359.263900,62,0,0,0,77739.000000,95675.000000,1110.000000,109.000000,-33.000000,-1066.000000,,,,,,,
1596744646374.903100,63,0,0,0,77804.000000,95649.000000,1091.000000,123.000000,-30.000000,-1088.000000,,,,,,,
1596744646390.542200,64,0,0,0,77782.000000,95699.000000,1100.000000,53.000000,-27.000000,-999.000000,,,,,,,
1596744646406.181400,65,0,0,0,77815.000000,95710.000000,1101.000000,97.000000,-11.000000,-1026.000000,,,,,,,
1596744646421.820600,66,0,0,0,77856.000000,95743.000000,1100.000000,92.000000,43.000000,-1046.000000,,,,,,,
1596744646437.459700,67,0,0,0,77816.000000,95853.000000,1116.000000,85.000000,-116.000000,-1043.000000,,,,,,,
1596744646453.098900,68,0,0,0,77830.000000,95713.000000,1103.000000,-4.000000,14.000000,-877.000000,,,,,,,
1596744646468.738000,69,0,0,0,77835.000000,95794.000000,1095.000000,126.000000,4.000000,-1083.000000,,,,,,,
1596744646484.377200,70,0,0,0,77835.000000,95913.000000,1103.000000,102.000000,-122.000000,-1093.000000,,,,,,,
1596744646500.016400,71,0,0,0,77888.000000,95868.000000,1104.000000,15.000000,-3.000000,-930.000000,,,,,,,
1596744646515.655800,72,0,0,0,77888.000000,95863.000000,1109.000000,18.000000,76.000000,-980.000000,,,,,,,
1596744646531.294900,73,0,0,0,77924.000000,95848.000000,1107.000000,144.000000,28.000000,-1074.000000,,,,,,,
1596744646546.934100,74,0,0,0,77840.000000,95866.000000,1110.000000,15.000000,66.000000,-927.000000,,,,,,,
1596744646562.573200,75,0,0,0,77907.000000,95809.000000,1112.000000,171.000000,103.000000,-1123.000000,,,,,,,
1596744646578.212400,76,0,0,0,77903.000000,95849.000000,1106.000000,197.000000,10.000000,-1182.000000,,,,,,,
1596744646593.851600,77,0,0,0,77911.000000,95955.000000,1124.000000,125.000000,46.000000,-1075.000000,,,,,,,
1596744646609.490700,78,0,0,0,77928.000000,95843.000000,1101.000000,91.000000,-11.000000,-1033.000000,,,,,,,
1596744646625.129900,79,0,0,0,77973.000000,95888.000000,1105.000000,127.000000,-17.000000,-1096.000000,,,,,,,
1596744646640.769000,80,0,0,0,77954.000000,95978.000000,1111.000000,69.000000,152.000000,-951.000000,,,,,,,
1596744646656.408200,81,0,0,0,77987.000000,95995.000000,1112.000000,-42.000000,58.000000,-792.000000,,,,,,,
1596744646672.047400,82,0,0,0,78038.000000,96000.000000,1113.000000,151.000000,-33.000000,-1153.000000,,,,,,,
1596744646687.686500,83,0,0,0,78004.000000,96155.000000,1115.000000,122.000000,-67.000000,-1135.000000,,,,,,,
1596744646703.325900,84,0,0,0,78119.000000,96051.000000,1112.000000,7.000000,0.000000,-906.000000,,,,,,,
1596744646718.965100,85,0,0,0,78007.000000,96117.000000,1122.000000,118.000000,13.000000,-1067.000000,,,,,,,
1596744646734.604200,86,0,0,0,78051.000000,96143.000000,1110.000000,125.000000,-98.000000,-1165.000000,,,,,,,
1596744646750.243400,87,0,0,0,78067.000000,96187.000000,1114.000000,178.000000,-5.000000,-1192.000000,,,,,,,
1596744646765.882600,88,0,0,0,78057.000000,96168.000000,1121.000000,260.000000,66.000000,-1263.000000,,,,,,,
1596744646781.521700,89,0,0,0,78063.000000,96160.000000,1122.000000,120.000000,43.000000,-1064.000000,,,,,,,
1596744646797.160900,90,0,0,0,78069.000000,96162.000000,1118.000000,77.000000,-162.000000,-1039.000000,,,,,,,
1596744646812.800000,91,0,0,0,78016.000000,96172.000000,1112.000000,7.000000,-3.000000,-904.000000,,,,,,,
1596744646828.439200,92,0,0,0,78012.000000,96156.000000,1117.000000,12.000000,-15.000000,-952.000000,,,,,,,
1596744646844.078400,93,0,0,0,77973.000000,95928.000000,1100.000000,150.000000,29.000000,-1137.000000,,,,,,,
1596744646859.717500,94,0,0,0,77803.000000,95882.000000,1114.000000,79.000000,-17.000000,-1021.000000,,,,,,,
1596744646875.356700,95,0,0,0,77769.000000,95682.000000,1094.000000,138.000000,-74.000000,-1127.000000,,,,,,,
1596744646890.995800,96,0,0,0,77711.000000,95679.000000,1097.000000,130.000000,6.000000,-1081.000000,,,,,,,
1596744646906.635300,97,0,0,0,77663.000000,95640.000000,1094.000000,106.000000,-62.000000,-1106.000000,,,,,,,
1596744646922.274400,98,0,0,0,77665.000000,95563.000000,1096.000000,165.000000,3.000000,-1176.000000,,,,,,,
1596744646937.913600,99,0,0,0,77570.000000,95634.000000,1100.000000,95.000000,-36.000000,-1083.000000,,,,,,,
1596744646953.552700,100,0,0,0,77676.000000,95473.000000,1086.000000,62.000000,17.000000,-992.000000,,,,,,,
1596744646969.191900,101,0,0,0,77522.000000,95548.000000,1106.000000,173.000000,-66.000000,-1191.000000,,,,,,,
1596744646984.831100,102,0,0,0,77563.000000,95454.000000,1089.000000,185.000000,-20.000000,-1237.000000,,,,,,,
1596744647000.470200,103,0,0,0,77489.000000,95482.000000,1102.000000,184.000000,86.000000,-1148.000000,,,,,,,
1596744647016.109400,104,0,0,0,77534.000000,95452.000000,1118.000000,51.000000,4.000000,-969.000000,,,,,,,
1596744647031.748500,105,0,0,0,77565.000000,95424.000000,1098.000000,106.000000,12.000000,-1043.000000,,,,,,,
1596744647047.387700,106,0,0,0,77569.000000,95475.000000,1102.000000,213.000000,-111.000000,-1239.000000,,,,,,,
1596744647063.026900,107,0,0,0,77579.000000,95397.000000,1095.000000,64.000000,77.000000,-966.000000,,,,,,,
1596744647078.666000,108,0,0,0,77577.000000,95425.000000,1098.000000,177.000000,37.000000,-1145.000000,,,,,,,
1596744647094.305400,109,0,0,0,77562.000000,95395.000000,1094.000000,155.000000,52.000000,-1112.000000,,,,,,,
1596744647109.944600,110,0,0,0,77589.000000,95416.000000,1108.000000,105.000000,3.000000,-1045.000000,,,,,,,
1596744647125.583700,111,0,0,0,77613.000000,95426.000000,1095.000000,44.000000,37.000000,-913.000000,,,,,,,
1596744647141.222900,112,0,0,0,77639.000000,95496.000000,1082.000000,128.000000,-111.000000,-1108.000000,,,,,,,
1596744647156.862100,113,0,0,0,77645.000000,95518.000000,1097.000000,109.000000,163.000000,-1011.000000,,,,,,,
1596744647172.501200,114,0,0,0,77643.000000,95531.000000,1100.000000,180.000000,23.000000,-1184.000000,,,,,,,
1596744647188.140400,115,0,0,0,77689.000000,95514.000000,1101.000000,48.000000,-60.000000,-988.000000,,,,,,,
1596744647203.779500,116,0,0,0,77652.000000,95583.000000,1100.000000,156.000000,41.000000,-1138.000000,,,,,,,
1596744647219.418700,117,0,0,0,77675.000000,95672.000000,1108.000000,95.000000,12.000000,-1067.000000,,,,,,,
1596744647235.057900,118,0,0,0,77747.000000,95660.000000,1086.000000,186.000000,137.000000,-1183.000000,0.000000,1887,,,,,
1596744647250.666700,119,0,0,0,77723.000000,95725.000000,1109.000000,70.000000,-106.000000,-1032.000000,,,,,,,
1596744647266.275400,120,0,0,0,77752.000000,95614.000000,1107.000000,85.000000,-28.000000,-1051.000000,,,,,,,
1596744647281.884000,121,0,0,0,77716.000000,95631.000000,1106.000000,169.000000,-27.000000,-1162.000000,,,,,,,
1596744647297.492900,122,0,0,0,77759.000000,95633.000000,1107.000000,141.000000,114.000000,-1085.000000,,,,,,,
1596744647313.101600,123,0,0,0,77852.000000,95650.000000,1102.000000,164.000000,53.000000,-1133.000000,,,,,,,
1596744647328.710200,124,0,0,0,77723.000000,95778.000000,1116.000000,119.000000,94.000000,-1049.000000,,,,,,,
1596744647344.319100,125,0,0,0,77766.000000,95658.000000,1105.000000,60.000000,15.000000,-958.000000,,,,,,,
1596744647359.927700,126,0,0,0,77768.000000,95754.000000,1113.000000,111.000000,-7.000000,-1055.000000,,,,,,,
1596744647375.536400,127,0,0,0,77880.000000,95668.000000,1097.000000,121.000000,-84.000000,-1101.000000,,,,,,,
1596744647391.145300,128,0,0,0,77801.000000,95754.000000,1113.000000,160.000000,-14.000000,-1114.000000,,,,,,,
1596744647406.753900,129,0,0,0,77845.000000,95788.000000,1105.000000,16.000000,63.000000,-924.000000,,,,,,,
1596744647422.362500,130,0,0,0,77830.000000,95787.000000,1107.000000,-6.000000,105.000000,-827.000000,,,,,,,
1596744647437.971400,131,0,0,0,77831.000000,95818.000000,1111.000000,23.000000,-70.000000,-974.000000,,,,,,,
1596744647453.580100,132,0,0,0,77816.000000,95871.000000,1109.000000,3.000000,-81.000000,-962.000000,,,,,,,
1596744647469.188700,133,0,0,0,77886.000000,95841.000000,1108.000000,100.000000,-36.000000,-1118.000000,,,,,,,
1596744647484.797600,134,0,0,0,77933.000000,95931.000000,1101.000000,187.000000,-82.000000,-1201.000000,,,,,,,
1596744647500.406200,135,0,0,0,77885.000000,96024.000000,1115.000000,70.000000,13.000000,-1017.000000,,,,,,,
1596744647516.014900,136,0,0,0,77932.000000,95991.000000,1109.000000,1.000000,12.000000,-925.000000,,,,,,,
1596744647531.623800,137,0,0,0,77912.000000,95949.000000,1112.000000,46.000000,40.000000,-946.000000,,,,,,,
1596744647547.232400,138,0,0,0,77963.000000,95950.000000,1114.000000,37.000000,-37.000000,-962.000000,,,,,,,
1596744647562.841100,139,0,0,0,77933.000000,96000.000000,1116.000000,2.000000,14.000000,-898.000000,,,,,,,
1596744647578.450000,140,0,0,0,78044.000000,95945.000000,1105.000000,101.000000,-46.000000,-1089.000000,,,,,,,
1596744647594.058600,141,0,0,0,77922.000000,96005.000000,1120.000000,220.000000,-13.000000,-1226.000000,,,,,,,
1596744647609.667200,142,0,0,0,77996.000000,95956.000000,1104.000000,50.000000,-126.000000,-1045.000000,,,,,,,
1596744647625.276100,143,0,0,0,77988.000000,96060.000000,1128.000000,71.000000,-158.000000,-1053.000000,,,,,,,
1596744647640.884800,144,0,0,0,78036.000000,96006.000000,1110.000000,159.000000,79.000000,-1100.000000,,,,,,,
1596744647656.493400,145,0,0,0,78014.000000,96104.000000,1118.000000,148.000000,-29.000000,-1146.000000,,,,,,,
1596744647672.102300,146,0,0,0,78039.000000,96117.000000,1116.000000,29.000000,8.000000,-921.000000,,,,,,,
1596744647687.710900,147,0,0,0,78006.000000,96132.000000,1114.000000,57.000000,165.000000,-968.000000,,,,,,,
1596744647703.319600,148,0,0,0,78008.000000,96081.000000,1113.000000,0.000000,-15.000000,-916.000000,,,,,,,
1596744647718.928500,149,0,0,0,78074.000000,96067.000000,1103.000000,45.000000,10.000000,-990.000000,,,,,,,
1596744647734.537100,150,0,0,0,77898.000000,96109.000000,1102.000000,134.000000,124.000000,-1070.000000,,,,,,,
1596744647750.145800,151,0,0,0,77856.000000,95904.000000,1099.000000,-5.000000,-40.000000,-927.000000,,,,,,,
1596744647765.754600,152,0,0,0,77739.000000,95831.000000,1102.000000,155.000000,-57.000000,-1175.000000,,,,,,,
1596744647781.363300,153,0,0,0,77677.000000,95621.000000,1090.000000,137.000000,65.000000,-1087.000000,,,,,,,
1596744647796.971900,154,0,0,0,77604.000000,95542.000000,1094.000000,131.000000,65.000000,-1101.000000,,,,,,,
1596744647812.580800,155,0,0,0,77582.000000,95496.000000,1086.000000,105.000000,142.000000,-1053.000000,,,,,,,
1596744647828.189500,156,0,0,0,77479.000000,95381.000000,1089.000000,127.000000,54.000000,-1078.000000,,,,,,,
1596744647843.798100,157,0,0,0,77512.000000,95312.000000,1079.000000,164.000000,33.000000,-1146.000000,,,,,,,
1596744647859.407000,158,0,0,0,77481.000000,95332.000000,1085.000000,178.000000,22.000000,-1194.000000,,,,,,,
1596744647875.015600,159,0,0,0,77464.000000,95335.000000,1090.000000,130.000000,195.000000,-1066.000000,,,,,,,
1596744647890.624300,160,0,0,0,77511.000000,95216.000000,1073.000000,216.000000,68.000000,-1206.000000,,,,,,,
1596744647906.233200,161,0,0,0,77482.000000,95313.000000,1081.000000,115.000000,39.000000,-1042.000000,,,,,,,
1596744647921.841800,162,0,0,0,77473.000000,95276.000000,1081.000000,169.000000,10.000000,-1182.000000,,,,,,,
1596744647937.450400,163,0,0,0,77529.000000,95306.000000,1082.000000,-37.000000,-20.000000,-903.000000,,,,,,,
1596744647953.059300,164,0,0,0,77471.000000,95417.000000,1084.000000,-77.000000,-24.000000,-829.000000,,,,,,,
1596744647968.668000,165,0,0,0,77619.000000,95323.000000,1077.000000,-48.000000,-47.000000,-905.000000,,,,,,,
1596744647984.276600,166,0,0,0,77486.000000,95428.000000,1103.000000,141.000000,0.000000,-1146.000000,,,,,,,
1596744647999.885500,167,0,0,0,77579.000000,95397.000000,1073.000000,165.000000,70.000000,-1137.000000,,,,,,,
1596744648015.494100,168,0,0,0,77557.000000,95459.000000,1091.000000,80.000000,24.000000,-1033.000000,,,,,,,
1596744648031.102800,169,0,0,0,77577.000000,95409.000000,1102.000000,27.000000,-95.000000,-984.000000,,,,,,,
1596744648046.711700,170,0,0,0,77583.000000,95414.000000,1085.000000,39.000000,-32.000000,-970.000000,,,,,,,
1596744648062.320300,171,0,0,0,77590.000000,95456.000000,1088.000000,23.000000,63.000000,-931.000000,,,,,,,
1596744648077.929000,172,0,0,0,77705.000000,95415.000000,1083.000000,6.000000,-54.000000,-953.000000,,,,,,,
1596744648093.537800,173,0,0,0,77603.000000,95525.000000,1102.000000,159.000000,6.000000,-1144.000000,,,,,,,
1596744648109.146500,174,0,0,0,77705.000000,95374.000000,1081.000000,106.000000,-98.000000,-1124.000000,,,,,,,
1596744648124.755100,175,0,0,0,77647.000000,95508.000000,1098.000000,3.000000,-81.000000,-961.000000,,,,,,,
1596744648140.364000,176,0,0,0,77676.000000,95541.000000,1097.000000,-18.000000,10.000000,-879.000000,,,,,,,
1596744648155.972700,177,0,0,0,77718.000000,95555.000000,1067.000000,47.000000,-97.000000,-1031.000000,,,,,,,
1596744648171.581300,178,0,0,0,77728.000000,95605.000000,1093.000000,147.000000,-110.000000,-1187.000000,,,,,,,
1596744648187.190200,179,0,0,0,77756.000000,95601.000000,1094.000000,85.000000,-110.000000,-1123.000000,,,,,,,
1596744648202.798800,180,0,0,0,77703.000000,95725.000000,1099.000000,74.000000,-87.000000,-1100.000000,,,,,,,
1596744648218.407500,181,0,0,0,77911.000000,95645.000000,1091.000000,58.000000,93.000000,-986.000000,,,,,,,
1596744648234.016400,182,0,0,0,77755.000000,95796.000000,1103.000000,55.000000,32.000000,-1012.000000,0.000000,2912,,,,,
1596744648249.609900,183,0,0,0,77841.000000,95763.000000,1085.000000,-5.000000,-21.000000,-926.000000,,,,,,,
1596744648265.203400,184,0,0,0,77798.000000,95852.000000,1107.000000,-10.000000,-79.000000,-943.000000,,,,,,,
1596744648280.796600,185,0,0,0,77851.000000,95758.000000,1104.000000,163.000000,58.000000,-1140.000000,,,,,,,
1596744648296.390100,186,0,0,0,77847.000000,95812.000000,1101.000000,29.000000,67.000000,-954.000000,,,,,,,
1596744648311.983600,187,0,0,0,77901.000000,95814.000000,1099.000000,66.000000,72.000000,-1018.000000,,,,,,,
1596744648327.577100,188,0,0,0,77838.000000,95815.000000,1103.000000,47.000000,-18.000000,-990.000000,,,,,,,
1596744648343.170700,189,0,0,0,77920.000000,95786.000000,1102.000000,118.000000,150.000000,-1028.000000,,,,,,,
1596744648358.764200,190,0,0,0,77995.000000,95823.000000,1101.000000,115.000000,79.000000,-1067.000000,,,,,,,
1596744648374.357700,191,0,0,0,77915.000000,95913.000000,1109.000000,223.000000,-6.000000,-1240.000000,,,,,,,
1596744648389.951200,192,0,0,0,78001.000000,95846.000000,1104.000000,70.000000,-79.000000,-1055.000000,,,,,,,
1596744648405.544700,193,0,0,0,77949.000000,95939.000000,1095.000000,197.000000,117.000000,-1214.000000,,,,,,,
1596744648421.138200,194,0,0,0,77980.000000,95983.000000,1106.000000,159.000000,-37.000000,-1179.000000,,,,,,,
1596744648436.731700,195,0,0,0,78013.000000,96009.000000,1106.000000,70.000000,-4.000000,-1082.000000,,,,,,,
1596744648452.325200,196,0,0,0,77939.000000,96022.000000,1105.000000,5.000000,48.000000,-952.000000,,,,,,,
1596744648467.918700,197,0,0,0,78023.000000,96015.000000,1108.000000,71.000000,41.000000,-1015.000000,,,,,,,
1596744648483.512200,198,0,0,0,78108.000000,96041.000000,1102.000000,181.000000,25.000000,-1148.000000,,,,,,,
1596744648499.105700,199,0,0,0,78032.000000,96193.000000,1115.000000,-10.000000,18.000000,-912.000000,,,,,,,
1596744648514.699200,200,0,0,0,78059.000000,96131.000000,1108.000000,65.000000,56.000000,-1000.000000,,,,,,,
1596744648530.292700,201,0,0,0,78042.000000,96142.000000,1108.000000,-19.000000,24.000000,-889.000000,,,,,,,
1596744648545.886200,202,0,0,0,78028.000000,96127.000000,1119.000000,-20.000000,68.000000,-870.000000,,,,,,,
1596744648561.479700,203,0,0,0,78074.000000,96110.000000,1115.000000,23.000000,94.000000,-916.000000,,,,,,,
1596744648577.073200,204,0,0,0,77988.000000,96131.000000,1115.000000,-15.000000,30.000000,-917.000000,,,,,,,
1596744648592.666700,205,0,0,0,78035.000000,96215.000000,1105.000000,139.000000,62.000000,-1099.000000,,,,,,,
1596744648608.260300,206,0,0,0,78069.000000,96093.000000,1105.000000,130.000000,139.000000,-1070.000000,,,,,,,
1596744648623.853800,207,0,0,0,77974.000000,96109.000000,1121.000000,114.000000,84.000000,-1051.000000,,,,,,,
1596744648639.447300,208,0,0,0,77941.000000,95882.000000,1094.000000,68.000000,-133.000000,-1066.000000,,,,,,,
1596744648655.040800,209,0,0,0,77817.000000,95754.000000,1097.000000,83.000000,-135.000000,-1080.000000,,,,,,,
1596744648670.634000,210,0,0,0,77739.000000,95714.000000,1091.000000,210.000000,76.000000,-1196.000000,,,,,,,
1596744648686.227500,211,0,0,0,77689.000000,95631.000000,1085.000000,28.000000,-66.000000,-1031.000000,,,,,,,
1596744648701.821000,212,0,0,0,77593.000000,95585.000000,1088.000000,191.000000,22.000000,-1232.000000,,,,,,,
1596744648717.414600,213,0,0,0,77705.000000,95491.000000,1073.000000,-21.000000,19.000000,-916.000000,,,,,,,
1596744648733.008100,214,0,0,0,77558.000000,95555.000000,1097.000000,102.000000,-105.000000,-1131.000000,,,,,,,
1596744648748.601600,215,0,0,0,77614.000000,95442.000000,1074.000000,-32.000000,46.000000,-883.000000,,,,,,,
1596744648764.195100,216,0,0,0,77548.000000,95458.000000,1089.000000,153.000000,63.000000,-1129.000000,,,,,,,
1596744648779.788600,217,0,0,0,77545.000000,95421.000000,1082.000000,87.000000,129.000000,-1015.000000,,,,,,,
1596744648795.382100,218,0,0,0,77550.000000,95368.000000,1084.000000,-14.000000,18.000000,-911.000000,,,,,,,
1596744648810.975600,219,0,0,0,77530.000000,95359.000000,1086.000000,15.000000,-91.000000,-968.000000,,,,,,,
1596744648826.569100,220,0,0,0,77618.000000,95334.000000,1083.000000,142.000000,-97.000000,-1208.000000,,,,,,,
1596744648842.162600,221,0,0,0,77490.000000,95335.000000,1092.000000,16.000000,-133.000000,-1005.000000,,,,,,,
1596744648857.756100,222,0,0,0,77578.000000,95333.000000,1089.000000,76.000000,-35.000000,-1072.000000,,,,,,,
1596744648873.349600,223,0,0,0,77652.000000,95352.000000,1083.000000,5.000000,-96.000000,-962.000000,,,,,,,
1596744648888.943100,224,0,0,0,77582.000000,95444.000000,1103.000000,121.000000,88.000000,-1060.000000,,,,,,,
1596744648904.536600,225,0,0,0,77605.000000,95390.000000,1087.000000,199.000000,-29.000000,-1199.000000,,,,,,,
1596744648920.130100,226,0,0,0,77615.000000,95433.000000,1086.000000,94.000000,-79.000000,-1051.000000,,,,,,,
1596744648935.723600,227,0,0,0,77588.000000,95436.000000,1092.000000,101.000000,-208.000000,-1166.000000,,,,,,,
1596744648951.317100,228,0,0,0,77593.000000,95486.000000,1094.000000,100.000000,-82.000000,-1100.000000,,,,,,,
1596744648966.910600,229,0,0,0,77700.000000,95491.000000,1087.000000,102.000000,81.000000,-1058.000000,,,,,,,
1596744648982.504200,230,0,0,0,77570.000000,95559.000000,1107.000000,74.000000,-2.000000,-1017.000000,,,,,,,
1596744648998.097700,231,0,0,0,77684.000000,95443.000000,1088.000000,105.000000,96.000000,-1033.000000,,,,,,,
1596744649013.691200,232,0,0,0,77600.000000,95543.000000,1103.000000,42.000000,-2.000000,-991.000000,,,,,,,
1596744649029.284700,233,0,0,0,77629.000000,95537.000000,1093.000000,95.000000,45.000000,-1042.000000,,,,,,,
1596744649044.877900,234,0,0,0,77643.000000,95510.000000,1099.000000,154.000000,20.000000,-1129.000000,,,,,,,
1596744649060.471400,235,0,0,0,77680.000000,95557.000000,1099.000000,160.000000,-44.000000,-1174.000000,,,,,,,
1596744649076.064900,236,0,0,0,77722.000000,95534.000000,1099.000000,147.000000,68.000000,-1160.000000,,,,,,,
1596744649091.658400,237,0,0,0,77620.000000,95600.000000,1109.000000,79.000000,-47.000000,-1034.000000,,,,,,,
1596744649107.252000,238,0,0,0,77704.000000,95485.000000,1098.000000,-4.000000,-8.000000,-924.000000,,,,,,,
1596744649122.845500,239,0,0,0,77767.000000,95513.000000,1094.000000,167.000000,-35.000000,-1172.000000,,,,,,,
1596744649138.439000,240,0,0,0,77692.000000,95625.000000,1110.000000,51.000000,-99.000000,-1069.000000,,,,,,,
1596744649154.032500,241,0,0,0,77731.000000,95544.000000,1095.000000,227.000000,82.000000,-1249.000000,,,,,,,
1596744649169.626000,242,0,0,0,77753.000000,95642.000000,1100.000000,17.000000,-49.000000,-977.000000,,,,,,,
1596744649185.219500,243,0,0,0,77784.000000,95691.000000,1102.000000,157.000000,148.000000,-1145.000000,,,,,,,
1596744649200.813000,244,0,0,0,77762.000000,95713.000000,1104.000000,132.000000,111.000000,-1133.000000,,,,,,,
1596744649216.406500,245,0,0,0,77808.000000,95700.000000,1106.000000,113.000000,45.000000,-1074.000000,,,,,,,
1596744649232.000000,246,0,0,0,77794.000000,95765.000000,1110.000000,13.000000,2.000000,-989.000000,0.000000,3936,,,,,
stop time,1596744649252
elapsed capture time: 0h00m04s
missed packet count: 0
incorrect tag count: 122
